areaCode,areaName,areaType,date,newPeopleVaccinatedCompleteByPublishDate
E92000001,England,nation,2021-10-05,24253
E92000001,England,nation,2021-10-04,24746
E92000001,England,nation,2021-10-03,17502
E92000001,England,nation,2021-10-02,30849
E92000001,England,nation,2021-10-01,29993
E92000001,England,nation,2021-09-30,30318
E92000001,England,nation,2021-09-29,29907
E92000001,England,nation,2021-09-28,29670
E92000001,England,nation,2021-09-27,28590
E92000001,England,nation,2021-09-26,21476
E92000001,England,nation,2021-09-25,43049
E92000001,England,nation,2021-09-24,39567
E92000001,England,nation,2021-09-23,41728
E92000001,England,nation,2021-09-22,39676
E92000001,England,nation,2021-09-21,39248
E92000001,England,nation,2021-09-20,41438
E92000001,England,nation,2021-09-19,30458
E92000001,England,nation,2021-09-18,66134
E92000001,England,nation,2021-09-17,55257
E92000001,England,nation,2021-09-16,58941
E92000001,England,nation,2021-09-15,57096
E92000001,England,nation,2021-09-14,56521
E92000001,England,nation,2021-09-13,54807
E92000001,England,nation,2021-09-12,42902
E92000001,England,nation,2021-09-11,86068
E92000001,England,nation,2021-09-10,78763
E92000001,England,nation,2021-09-09,86592
E92000001,England,nation,2021-09-08,75548
E92000001,England,nation,2021-09-07,73004
E92000001,England,nation,2021-09-06,69758
E92000001,England,nation,2021-09-05,59265
E92000001,England,nation,2021-09-04,116327
E92000001,England,nation,2021-09-03,98122
E92000001,England,nation,2021-09-02,103997
E92000001,England,nation,2021-09-01,102086
E92000001,England,nation,2021-08-31,105003
E92000001,England,nation,2021-08-30,52137
E92000001,England,nation,2021-08-29,64710
E92000001,England,nation,2021-08-28,116583
E92000001,England,nation,2021-08-27,115249
E92000001,England,nation,2021-08-26,127267
E92000001,England,nation,2021-08-25,142307
E92000001,England,nation,2021-08-24,109221
E92000001,England,nation,2021-08-23,113005
E92000001,England,nation,2021-08-22,96246
E92000001,England,nation,2021-08-21,174038
E92000001,England,nation,2021-08-20,145473
E92000001,England,nation,2021-08-19,153886
E92000001,England,nation,2021-08-18,147569
E92000001,England,nation,2021-08-17,120908
E92000001,England,nation,2021-08-16,117998
E92000001,England,nation,2021-08-15,101881
E92000001,England,nation,2021-08-14,173718
E92000001,England,nation,2021-08-13,143690
E92000001,England,nation,2021-08-12,165425
E92000001,England,nation,2021-08-11,145954
E92000001,England,nation,2021-08-10,123721
E92000001,England,nation,2021-08-09,112286
E92000001,England,nation,2021-08-08,94332
E92000001,England,nation,2021-08-07,184869
E92000001,England,nation,2021-08-06,137172
E92000001,England,nation,2021-08-05,143423
E92000001,England,nation,2021-08-04,131581
E92000001,England,nation,2021-08-03,108604
E92000001,England,nation,2021-08-02,94425
E92000001,England,nation,2021-08-01,92416
E92000001,England,nation,2021-07-31,182825
E92000001,England,nation,2021-07-30,142715
E92000001,England,nation,2021-07-29,145472
E92000001,England,nation,2021-07-28,131048
E92000001,England,nation,2021-07-27,118328
E92000001,England,nation,2021-07-26,115924
E92000001,England,nation,2021-07-25,94435
E92000001,England,nation,2021-07-24,177885
E92000001,England,nation,2021-07-23,154761
E92000001,England,nation,2021-07-22,156245
E92000001,England,nation,2021-07-21,146281
E92000001,England,nation,2021-07-20,126163
E92000001,England,nation,2021-07-19,112544
E92000001,England,nation,2021-07-18,105472
E92000001,England,nation,2021-07-17,196422
E92000001,England,nation,2021-07-16,163936
E92000001,England,nation,2021-07-15,167152
E92000001,England,nation,2021-07-14,151335
E92000001,England,nation,2021-07-13,124905
E92000001,England,nation,2021-07-12,99817
E92000001,England,nation,2021-07-11,80755
E92000001,England,nation,2021-07-10,174745
E92000001,England,nation,2021-07-09,143603
E92000001,England,nation,2021-07-08,135457
E92000001,England,nation,2021-07-07,128226
E92000001,England,nation,2021-07-06,109148
E92000001,England,nation,2021-07-05,107977
E92000001,England,nation,2021-07-04,85748
E92000001,England,nation,2021-07-03,165665
E92000001,England,nation,2021-07-02,142275
E92000001,England,nation,2021-07-01,154177
E92000001,England,nation,2021-06-30,138993
E92000001,England,nation,2021-06-29,115484
E92000001,England,nation,2021-06-28,107318
E92000001,England,nation,2021-06-27,97993
E92000001,England,nation,2021-06-26,172324
E92000001,England,nation,2021-06-25,133375
E92000001,England,nation,2021-06-24,136679
E92000001,England,nation,2021-06-23,128688
E92000001,England,nation,2021-06-22,210730
E92000001,England,nation,2021-06-20,78594
E92000001,England,nation,2021-06-19,195646
E92000001,England,nation,2021-06-18,162030
E92000001,England,nation,2021-06-17,176158
E92000001,England,nation,2021-06-16,180627
E92000001,England,nation,2021-06-15,175703
E92000001,England,nation,2021-06-14,174262
E92000001,England,nation,2021-06-13,153449
E92000001,England,nation,2021-06-12,276813
E92000001,England,nation,2021-06-11,251641
E92000001,England,nation,2021-06-10,248650
E92000001,England,nation,2021-06-09,253913
E92000001,England,nation,2021-06-08,252697
E92000001,England,nation,2021-06-07,244107
E92000001,England,nation,2021-06-06,217491
E92000001,England,nation,2021-06-05,415644
E92000001,England,nation,2021-06-04,321602
E92000001,England,nation,2021-06-03,313526
E92000001,England,nation,2021-06-02,288963
E92000001,England,nation,2021-06-01,279285
E92000001,England,nation,2021-05-31,154674
E92000001,England,nation,2021-05-30,179424
E92000001,England,nation,2021-05-29,381816
E92000001,England,nation,2021-05-28,380855
E92000001,England,nation,2021-05-27,374042
E92000001,England,nation,2021-05-26,368554
E92000001,England,nation,2021-05-25,327467
E92000001,England,nation,2021-05-24,279672
E92000001,England,nation,2021-05-23,220062
E92000001,England,nation,2021-05-22,508013
E92000001,England,nation,2021-05-21,371460
E92000001,England,nation,2021-05-20,367142
E92000001,England,nation,2021-05-19,309020
E92000001,England,nation,2021-05-18,269283
E92000001,England,nation,2021-05-17,210442
E92000001,England,nation,2021-05-16,157687
E92000001,England,nation,2021-05-15,353764
E92000001,England,nation,2021-05-14,346425
E92000001,England,nation,2021-05-13,378650
E92000001,England,nation,2021-05-12,402524
E92000001,England,nation,2021-05-11,308915
E92000001,England,nation,2021-05-10,192723
E92000001,England,nation,2021-05-09,160313
E92000001,England,nation,2021-05-08,404510
E92000001,England,nation,2021-05-07,414731
E92000001,England,nation,2021-05-06,419232
E92000001,England,nation,2021-05-05,348553
E92000001,England,nation,2021-05-04,211639
E92000001,England,nation,2021-05-03,99785
E92000001,England,nation,2021-05-02,137400
E92000001,England,nation,2021-05-01,329170
E92000001,England,nation,2021-04-30,361758
E92000001,England,nation,2021-04-29,395043
E92000001,England,nation,2021-04-28,394152
E92000001,England,nation,2021-04-27,313616
E92000001,England,nation,2021-04-26,249768
E92000001,England,nation,2021-04-25,227159
E92000001,England,nation,2021-04-24,478008
E92000001,England,nation,2021-04-23,394144
E92000001,England,nation,2021-04-22,345675
E92000001,England,nation,2021-04-21,339773
E92000001,England,nation,2021-04-20,272929
E92000001,England,nation,2021-04-19,215665
E92000001,England,nation,2021-04-18,195871
E92000001,England,nation,2021-04-17,458880
E92000001,England,nation,2021-04-16,446025
E92000001,England,nation,2021-04-15,363002
E92000001,England,nation,2021-04-14,292383
E92000001,England,nation,2021-04-13,257732
E92000001,England,nation,2021-04-12,166273
E92000001,England,nation,2021-04-11,160454
E92000001,England,nation,2021-04-10,437442
E92000001,England,nation,2021-04-09,404206
E92000001,England,nation,2021-04-08,403212
E92000001,England,nation,2021-04-07,372241
E92000001,England,nation,2021-04-06,162466
E92000001,England,nation,2021-04-05,54060
E92000001,England,nation,2021-04-04,39491
E92000001,England,nation,2021-04-03,157903
E92000001,England,nation,2021-04-02,215754
E92000001,England,nation,2021-04-01,411998
E92000001,England,nation,2021-03-31,341748
E92000001,England,nation,2021-03-30,233828
E92000001,England,nation,2021-03-29,137405
E92000001,England,nation,2021-03-28,127078
E92000001,England,nation,2021-03-27,201335
E92000001,England,nation,2021-03-26,250962
E92000001,England,nation,2021-03-25,198206
E92000001,England,nation,2021-03-24,208013
E92000001,England,nation,2021-03-23,134547
E92000001,England,nation,2021-03-22,64436
E92000001,England,nation,2021-03-21,30418
E92000001,England,nation,2021-03-20,70449
E92000001,England,nation,2021-03-19,100730
E92000001,England,nation,2021-03-18,104609
E92000001,England,nation,2021-03-17,90906
E92000001,England,nation,2021-03-16,62909
E92000001,England,nation,2021-03-15,32082
E92000001,England,nation,2021-03-14,14378
E92000001,England,nation,2021-03-13,38640
E92000001,England,nation,2021-03-12,67514
E92000001,England,nation,2021-03-11,69680
E92000001,England,nation,2021-03-10,70960
E92000001,England,nation,2021-03-09,47151
E92000001,England,nation,2021-03-08,23800
E92000001,England,nation,2021-03-07,9133
E92000001,England,nation,2021-03-06,21688
E92000001,England,nation,2021-03-05,37235
E92000001,England,nation,2021-03-04,45045
E92000001,England,nation,2021-03-03,44001
E92000001,England,nation,2021-03-02,27652
E92000001,England,nation,2021-03-01,12632
E92000001,England,nation,2021-02-28,9388
E92000001,England,nation,2021-02-27,15584
E92000001,England,nation,2021-02-26,16226
E92000001,England,nation,2021-02-25,16168
E92000001,England,nation,2021-02-24,14209
E92000001,England,nation,2021-02-23,9581
E92000001,England,nation,2021-02-22,5344
E92000001,England,nation,2021-02-21,2346
E92000001,England,nation,2021-02-20,2432
E92000001,England,nation,2021-02-19,3895
E92000001,England,nation,2021-02-18,4561
E92000001,England,nation,2021-02-17,4497
E92000001,England,nation,2021-02-16,3128
E92000001,England,nation,2021-02-15,1854
E92000001,England,nation,2021-02-14,837
E92000001,England,nation,2021-02-13,2186
E92000001,England,nation,2021-02-12,3733
E92000001,England,nation,2021-02-11,4646
E92000001,England,nation,2021-02-10,4092
E92000001,England,nation,2021-02-09,2173
E92000001,England,nation,2021-02-08,1419
E92000001,England,nation,2021-02-07,312
E92000001,England,nation,2021-02-06,601
E92000001,England,nation,2021-02-05,1941
E92000001,England,nation,2021-02-04,2611
E92000001,England,nation,2021-02-03,2282
E92000001,England,nation,2021-02-02,1386
E92000001,England,nation,2021-02-01,1596
E92000001,England,nation,2021-01-31,2757
E92000001,England,nation,2021-01-30,10252
E92000001,England,nation,2021-01-29,1526
E92000001,England,nation,2021-01-28,1271
E92000001,England,nation,2021-01-27,1090
E92000001,England,nation,2021-01-26,1001
E92000001,England,nation,2021-01-25,1326
E92000001,England,nation,2021-01-24,610
E92000001,England,nation,2021-01-23,774
E92000001,England,nation,2021-01-22,1118
E92000001,England,nation,2021-01-21,2334
E92000001,England,nation,2021-01-20,2723
E92000001,England,nation,2021-01-19,2989
E92000001,England,nation,2021-01-18,3750
E92000001,England,nation,2021-01-17,1284
E92000001,England,nation,2021-01-16,1775
E92000001,England,nation,2021-01-15,3817
E92000001,England,nation,2021-01-14,4854
E92000001,England,nation,2021-01-13,8362
E92000001,England,nation,2021-01-12,13369
E92000001,England,nation,2021-01-11,19312
N92000002,Northern Ireland,nation,2021-10-05,1340
N92000002,Northern Ireland,nation,2021-10-04,1438
N92000002,Northern Ireland,nation,2021-10-03,1228
N92000002,Northern Ireland,nation,2021-10-02,897
N92000002,Northern Ireland,nation,2021-10-01,896
N92000002,Northern Ireland,nation,2021-09-30,864
N92000002,Northern Ireland,nation,2021-09-29,882
N92000002,Northern Ireland,nation,2021-09-28,757
N92000002,Northern Ireland,nation,2021-09-27,1120
N92000002,Northern Ireland,nation,2021-09-26,604
N92000002,Northern Ireland,nation,2021-09-25,432
N92000002,Northern Ireland,nation,2021-09-24,342
N92000002,Northern Ireland,nation,2021-09-23,547
N92000002,Northern Ireland,nation,2021-09-22,806
N92000002,Northern Ireland,nation,2021-09-21,654
N92000002,Northern Ireland,nation,2021-09-20,583
N92000002,Northern Ireland,nation,2021-09-19,468
N92000002,Northern Ireland,nation,2021-09-18,170
N92000002,Northern Ireland,nation,2021-09-17,530
N92000002,Northern Ireland,nation,2021-09-16,741
N92000002,Northern Ireland,nation,2021-09-15,569
N92000002,Northern Ireland,nation,2021-09-14,1091
N92000002,Northern Ireland,nation,2021-09-13,1505
N92000002,Northern Ireland,nation,2021-09-12,1131
N92000002,Northern Ireland,nation,2021-09-11,2226
N92000002,Northern Ireland,nation,2021-09-10,4116
N92000002,Northern Ireland,nation,2021-09-09,3540
N92000002,Northern Ireland,nation,2021-09-08,3500
N92000002,Northern Ireland,nation,2021-09-07,4169
N92000002,Northern Ireland,nation,2021-09-06,3297
N92000002,Northern Ireland,nation,2021-09-05,2891
N92000002,Northern Ireland,nation,2021-09-04,1647
N92000002,Northern Ireland,nation,2021-09-03,1909
N92000002,Northern Ireland,nation,2021-09-02,2252
N92000002,Northern Ireland,nation,2021-09-01,1760
N92000002,Northern Ireland,nation,2021-08-31,2129
N92000002,Northern Ireland,nation,2021-08-30,1677
N92000002,Northern Ireland,nation,2021-08-29,1407
N92000002,Northern Ireland,nation,2021-08-28,1175
N92000002,Northern Ireland,nation,2021-08-27,1616
N92000002,Northern Ireland,nation,2021-08-26,2436
N92000002,Northern Ireland,nation,2021-08-25,2999
N92000002,Northern Ireland,nation,2021-08-24,2382
N92000002,Northern Ireland,nation,2021-08-23,1725
N92000002,Northern Ireland,nation,2021-08-22,2310
N92000002,Northern Ireland,nation,2021-08-21,2783
N92000002,Northern Ireland,nation,2021-08-20,4021
N92000002,Northern Ireland,nation,2021-08-19,3956
N92000002,Northern Ireland,nation,2021-08-18,3862
N92000002,Northern Ireland,nation,2021-08-17,5148
N92000002,Northern Ireland,nation,2021-08-16,3749
N92000002,Northern Ireland,nation,2021-08-15,3506
N92000002,Northern Ireland,nation,2021-08-14,2737
N92000002,Northern Ireland,nation,2021-08-13,4251
N92000002,Northern Ireland,nation,2021-08-12,4788
N92000002,Northern Ireland,nation,2021-08-11,4669
N92000002,Northern Ireland,nation,2021-08-10,5249
N92000002,Northern Ireland,nation,2021-08-09,5765
N92000002,Northern Ireland,nation,2021-08-08,4959
N92000002,Northern Ireland,nation,2021-08-07,4438
N92000002,Northern Ireland,nation,2021-08-06,6483
N92000002,Northern Ireland,nation,2021-08-05,4482
N92000002,Northern Ireland,nation,2021-08-04,6063
N92000002,Northern Ireland,nation,2021-08-03,6519
N92000002,Northern Ireland,nation,2021-08-02,7683
N92000002,Northern Ireland,nation,2021-08-01,4686
N92000002,Northern Ireland,nation,2021-07-31,3644
N92000002,Northern Ireland,nation,2021-07-30,3903
N92000002,Northern Ireland,nation,2021-07-29,5855
N92000002,Northern Ireland,nation,2021-07-28,7861
N92000002,Northern Ireland,nation,2021-07-27,5955
N92000002,Northern Ireland,nation,2021-07-26,5220
N92000002,Northern Ireland,nation,2021-07-25,2565
N92000002,Northern Ireland,nation,2021-07-24,2181
N92000002,Northern Ireland,nation,2021-07-23,3091
N92000002,Northern Ireland,nation,2021-07-22,1965
N92000002,Northern Ireland,nation,2021-07-21,6176
N92000002,Northern Ireland,nation,2021-07-20,6835
N92000002,Northern Ireland,nation,2021-07-19,6096
N92000002,Northern Ireland,nation,2021-07-18,3975
N92000002,Northern Ireland,nation,2021-07-17,4589
N92000002,Northern Ireland,nation,2021-07-16,10466
N92000002,Northern Ireland,nation,2021-07-15,6296
N92000002,Northern Ireland,nation,2021-07-14,7091
N92000002,Northern Ireland,nation,2021-07-13,6367
N92000002,Northern Ireland,nation,2021-07-12,1764
N92000002,Northern Ireland,nation,2021-07-11,3537
N92000002,Northern Ireland,nation,2021-07-10,5514
N92000002,Northern Ireland,nation,2021-07-09,6108
N92000002,Northern Ireland,nation,2021-07-08,6777
N92000002,Northern Ireland,nation,2021-07-07,7828
N92000002,Northern Ireland,nation,2021-07-06,7643
N92000002,Northern Ireland,nation,2021-07-05,7398
N92000002,Northern Ireland,nation,2021-07-04,6874
N92000002,Northern Ireland,nation,2021-07-03,6471
N92000002,Northern Ireland,nation,2021-07-02,6462
N92000002,Northern Ireland,nation,2021-07-01,6186
N92000002,Northern Ireland,nation,2021-06-30,8284
N92000002,Northern Ireland,nation,2021-06-29,7196
N92000002,Northern Ireland,nation,2021-06-28,5732
N92000002,Northern Ireland,nation,2021-06-27,4378
N92000002,Northern Ireland,nation,2021-06-26,3960
N92000002,Northern Ireland,nation,2021-06-25,5502
N92000002,Northern Ireland,nation,2021-06-24,5658
N92000002,Northern Ireland,nation,2021-06-23,6598
N92000002,Northern Ireland,nation,2021-06-22,6730
N92000002,Northern Ireland,nation,2021-06-21,6773
N92000002,Northern Ireland,nation,2021-06-20,7021
N92000002,Northern Ireland,nation,2021-06-19,5990
N92000002,Northern Ireland,nation,2021-06-18,7323
N92000002,Northern Ireland,nation,2021-06-17,7502
N92000002,Northern Ireland,nation,2021-06-16,9636
N92000002,Northern Ireland,nation,2021-06-15,10509
N92000002,Northern Ireland,nation,2021-06-14,12068
N92000002,Northern Ireland,nation,2021-06-12,536
N92000002,Northern Ireland,nation,2021-06-11,6418
N92000002,Northern Ireland,nation,2021-06-10,7212
N92000002,Northern Ireland,nation,2021-06-09,8190
N92000002,Northern Ireland,nation,2021-06-08,8200
N92000002,Northern Ireland,nation,2021-06-07,9679
N92000002,Northern Ireland,nation,2021-06-06,6539
N92000002,Northern Ireland,nation,2021-06-05,4264
N92000002,Northern Ireland,nation,2021-06-04,7112
N92000002,Northern Ireland,nation,2021-06-03,7808
N92000002,Northern Ireland,nation,2021-06-02,8823
N92000002,Northern Ireland,nation,2021-06-01,8618
N92000002,Northern Ireland,nation,2021-05-31,5467
N92000002,Northern Ireland,nation,2021-05-30,3333
N92000002,Northern Ireland,nation,2021-05-29,3533
N92000002,Northern Ireland,nation,2021-05-28,6106
N92000002,Northern Ireland,nation,2021-05-27,8635
N92000002,Northern Ireland,nation,2021-05-26,9713
N92000002,Northern Ireland,nation,2021-05-25,9406
N92000002,Northern Ireland,nation,2021-05-24,8700
N92000002,Northern Ireland,nation,2021-05-23,5852
N92000002,Northern Ireland,nation,2021-05-22,3909
N92000002,Northern Ireland,nation,2021-05-21,9338
N92000002,Northern Ireland,nation,2021-05-20,8988
N92000002,Northern Ireland,nation,2021-05-19,8918
N92000002,Northern Ireland,nation,2021-05-18,7942
N92000002,Northern Ireland,nation,2021-05-17,7890
N92000002,Northern Ireland,nation,2021-05-16,6796
N92000002,Northern Ireland,nation,2021-05-15,6156
N92000002,Northern Ireland,nation,2021-05-14,8932
N92000002,Northern Ireland,nation,2021-05-13,11152
N92000002,Northern Ireland,nation,2021-05-12,11176
N92000002,Northern Ireland,nation,2021-05-11,11928
N92000002,Northern Ireland,nation,2021-05-10,9534
N92000002,Northern Ireland,nation,2021-05-09,5725
N92000002,Northern Ireland,nation,2021-05-08,5931
N92000002,Northern Ireland,nation,2021-05-07,8395
N92000002,Northern Ireland,nation,2021-05-06,13739
N92000002,Northern Ireland,nation,2021-05-05,13454
N92000002,Northern Ireland,nation,2021-05-04,9422
N92000002,Northern Ireland,nation,2021-05-03,5014
N92000002,Northern Ireland,nation,2021-05-02,4997
N92000002,Northern Ireland,nation,2021-05-01,4642
N92000002,Northern Ireland,nation,2021-04-30,4697
N92000002,Northern Ireland,nation,2021-04-29,40235
N92000002,Northern Ireland,nation,2021-04-28,9833
N92000002,Northern Ireland,nation,2021-04-27,11066
N92000002,Northern Ireland,nation,2021-04-26,9369
N92000002,Northern Ireland,nation,2021-04-25,4839
N92000002,Northern Ireland,nation,2021-04-24,3786
N92000002,Northern Ireland,nation,2021-04-23,10043
N92000002,Northern Ireland,nation,2021-04-22,16516
N92000002,Northern Ireland,nation,2021-04-21,13293
N92000002,Northern Ireland,nation,2021-04-20,15079
N92000002,Northern Ireland,nation,2021-04-19,9859
N92000002,Northern Ireland,nation,2021-04-18,5278
N92000002,Northern Ireland,nation,2021-04-17,5424
N92000002,Northern Ireland,nation,2021-04-16,12443
N92000002,Northern Ireland,nation,2021-04-15,13193
N92000002,Northern Ireland,nation,2021-04-14,13152
N92000002,Northern Ireland,nation,2021-04-13,13659
N92000002,Northern Ireland,nation,2021-04-12,10970
N92000002,Northern Ireland,nation,2021-04-11,4890
N92000002,Northern Ireland,nation,2021-04-10,4913
N92000002,Northern Ireland,nation,2021-04-09,7883
N92000002,Northern Ireland,nation,2021-04-08,8042
N92000002,Northern Ireland,nation,2021-04-07,5849
N92000002,Northern Ireland,nation,2021-04-06,2549
N92000002,Northern Ireland,nation,2021-04-05,1556
N92000002,Northern Ireland,nation,2021-04-04,1335
N92000002,Northern Ireland,nation,2021-04-03,2221
N92000002,Northern Ireland,nation,2021-04-02,6808
N92000002,Northern Ireland,nation,2021-04-01,7701
N92000002,Northern Ireland,nation,2021-03-31,7267
N92000002,Northern Ireland,nation,2021-03-30,6464
N92000002,Northern Ireland,nation,2021-03-29,7005
N92000002,Northern Ireland,nation,2021-03-28,1565
N92000002,Northern Ireland,nation,2021-03-27,3103
N92000002,Northern Ireland,nation,2021-03-26,6712
N92000002,Northern Ireland,nation,2021-03-25,8730
N92000002,Northern Ireland,nation,2021-03-24,8653
N92000002,Northern Ireland,nation,2021-03-23,7571
N92000002,Northern Ireland,nation,2021-03-21,10187
N92000002,Northern Ireland,nation,2021-03-20,3183
N92000002,Northern Ireland,nation,2021-03-19,4604
N92000002,Northern Ireland,nation,2021-03-18,3507
N92000002,Northern Ireland,nation,2021-03-17,3256
N92000002,Northern Ireland,nation,2021-03-16,5701
N92000002,Northern Ireland,nation,2021-03-15,3609
N92000002,Northern Ireland,nation,2021-03-14,2229
N92000002,Northern Ireland,nation,2021-03-13,2355
N92000002,Northern Ireland,nation,2021-03-12,652
N92000002,Northern Ireland,nation,2021-03-11,452
N92000002,Northern Ireland,nation,2021-03-10,2021
N92000002,Northern Ireland,nation,2021-03-09,2333
N92000002,Northern Ireland,nation,2021-03-08,1743
N92000002,Northern Ireland,nation,2021-03-07,621
N92000002,Northern Ireland,nation,2021-03-06,134
N92000002,Northern Ireland,nation,2021-03-05,309
N92000002,Northern Ireland,nation,2021-03-04,1648
N92000002,Northern Ireland,nation,2021-03-03,2277
N92000002,Northern Ireland,nation,2021-03-02,2492
N92000002,Northern Ireland,nation,2021-03-01,2173
N92000002,Northern Ireland,nation,2021-02-28,532
N92000002,Northern Ireland,nation,2021-02-27,49
N92000002,Northern Ireland,nation,2021-02-26,718
N92000002,Northern Ireland,nation,2021-02-25,261
N92000002,Northern Ireland,nation,2021-02-24,292
N92000002,Northern Ireland,nation,2021-02-23,268
N92000002,Northern Ireland,nation,2021-02-22,281
N92000002,Northern Ireland,nation,2021-02-21,0
N92000002,Northern Ireland,nation,2021-02-20,54
N92000002,Northern Ireland,nation,2021-02-19,372
N92000002,Northern Ireland,nation,2021-02-18,369
N92000002,Northern Ireland,nation,2021-02-17,536
N92000002,Northern Ireland,nation,2021-02-16,275
N92000002,Northern Ireland,nation,2021-02-15,196
N92000002,Northern Ireland,nation,2021-02-14,29
N92000002,Northern Ireland,nation,2021-02-13,39
N92000002,Northern Ireland,nation,2021-02-12,385
N92000002,Northern Ireland,nation,2021-02-11,415
N92000002,Northern Ireland,nation,2021-02-10,365
N92000002,Northern Ireland,nation,2021-02-09,183
N92000002,Northern Ireland,nation,2021-02-08,126
N92000002,Northern Ireland,nation,2021-02-07,256
N92000002,Northern Ireland,nation,2021-02-06,676
N92000002,Northern Ireland,nation,2021-02-05,484
N92000002,Northern Ireland,nation,2021-02-04,508
N92000002,Northern Ireland,nation,2021-02-03,384
N92000002,Northern Ireland,nation,2021-02-02,273
N92000002,Northern Ireland,nation,2021-02-01,270
N92000002,Northern Ireland,nation,2021-01-31,289
N92000002,Northern Ireland,nation,2021-01-30,177
N92000002,Northern Ireland,nation,2021-01-29,76
N92000002,Northern Ireland,nation,2021-01-28,143
N92000002,Northern Ireland,nation,2021-01-27,1017
N92000002,Northern Ireland,nation,2021-01-26,115
N92000002,Northern Ireland,nation,2021-01-25,82
N92000002,Northern Ireland,nation,2021-01-24,26
N92000002,Northern Ireland,nation,2021-01-23,27
N92000002,Northern Ireland,nation,2021-01-22,150
N92000002,Northern Ireland,nation,2021-01-21,184
N92000002,Northern Ireland,nation,2021-01-20,366
N92000002,Northern Ireland,nation,2021-01-19,381
N92000002,Northern Ireland,nation,2021-01-18,563
N92000002,Northern Ireland,nation,2021-01-17,842
N92000002,Northern Ireland,nation,2021-01-16,700
N92000002,Northern Ireland,nation,2021-01-15,210
N92000002,Northern Ireland,nation,2021-01-14,254
N92000002,Northern Ireland,nation,2021-01-13,1170
N92000002,Northern Ireland,nation,2021-01-12,2552
N92000002,Northern Ireland,nation,2021-01-11,1339
S92000003,Scotland,nation,2021-10-05,2411
S92000003,Scotland,nation,2021-10-04,2538
S92000003,Scotland,nation,2021-10-03,1938
S92000003,Scotland,nation,2021-10-02,2180
S92000003,Scotland,nation,2021-10-01,2749
S92000003,Scotland,nation,2021-09-30,2562
S92000003,Scotland,nation,2021-09-29,2676
S92000003,Scotland,nation,2021-09-28,2515
S92000003,Scotland,nation,2021-09-27,2617
S92000003,Scotland,nation,2021-09-26,2771
S92000003,Scotland,nation,2021-09-25,3036
S92000003,Scotland,nation,2021-09-24,3892
S92000003,Scotland,nation,2021-09-23,1754
S92000003,Scotland,nation,2021-09-22,2521
S92000003,Scotland,nation,2021-09-21,2360
S92000003,Scotland,nation,2021-09-20,2772
S92000003,Scotland,nation,2021-09-19,3795
S92000003,Scotland,nation,2021-09-18,4797
S92000003,Scotland,nation,2021-09-17,3245
S92000003,Scotland,nation,2021-09-16,3041
S92000003,Scotland,nation,2021-09-15,4300
S92000003,Scotland,nation,2021-09-14,3046
S92000003,Scotland,nation,2021-09-13,3337
S92000003,Scotland,nation,2021-09-12,7753
S92000003,Scotland,nation,2021-09-11,8141
S92000003,Scotland,nation,2021-09-10,6953
S92000003,Scotland,nation,2021-09-09,5030
S92000003,Scotland,nation,2021-09-08,7570
S92000003,Scotland,nation,2021-09-07,6941
S92000003,Scotland,nation,2021-09-06,6064
S92000003,Scotland,nation,2021-09-05,9993
S92000003,Scotland,nation,2021-09-04,9182
S92000003,Scotland,nation,2021-09-03,8259
S92000003,Scotland,nation,2021-09-02,10078
S92000003,Scotland,nation,2021-09-01,8184
S92000003,Scotland,nation,2021-08-31,10305
S92000003,Scotland,nation,2021-08-30,12720
S92000003,Scotland,nation,2021-08-29,12754
S92000003,Scotland,nation,2021-08-28,14422
S92000003,Scotland,nation,2021-08-27,11383
S92000003,Scotland,nation,2021-08-26,11795
S92000003,Scotland,nation,2021-08-25,14258
S92000003,Scotland,nation,2021-08-24,16284
S92000003,Scotland,nation,2021-08-23,15103
S92000003,Scotland,nation,2021-08-22,15095
S92000003,Scotland,nation,2021-08-21,15239
S92000003,Scotland,nation,2021-08-20,14954
S92000003,Scotland,nation,2021-08-19,14081
S92000003,Scotland,nation,2021-08-18,14416
S92000003,Scotland,nation,2021-08-17,16069
S92000003,Scotland,nation,2021-08-16,14371
S92000003,Scotland,nation,2021-08-15,17916
S92000003,Scotland,nation,2021-08-14,18839
S92000003,Scotland,nation,2021-08-13,19011
S92000003,Scotland,nation,2021-08-12,18151
S92000003,Scotland,nation,2021-08-11,18376
S92000003,Scotland,nation,2021-08-10,17721
S92000003,Scotland,nation,2021-08-09,15747
S92000003,Scotland,nation,2021-08-08,18590
S92000003,Scotland,nation,2021-08-07,18141
S92000003,Scotland,nation,2021-08-06,19172
S92000003,Scotland,nation,2021-08-05,17266
S92000003,Scotland,nation,2021-08-04,19265
S92000003,Scotland,nation,2021-08-03,18291
S92000003,Scotland,nation,2021-08-02,16530
S92000003,Scotland,nation,2021-08-01,16902
S92000003,Scotland,nation,2021-07-31,17739
S92000003,Scotland,nation,2021-07-30,17498
S92000003,Scotland,nation,2021-07-29,17645
S92000003,Scotland,nation,2021-07-28,19327
S92000003,Scotland,nation,2021-07-27,16762
S92000003,Scotland,nation,2021-07-26,16826
S92000003,Scotland,nation,2021-07-25,12610
S92000003,Scotland,nation,2021-07-24,15051
S92000003,Scotland,nation,2021-07-23,19638
S92000003,Scotland,nation,2021-07-22,16532
S92000003,Scotland,nation,2021-07-21,17766
S92000003,Scotland,nation,2021-07-20,15419
S92000003,Scotland,nation,2021-07-19,16340
S92000003,Scotland,nation,2021-07-18,12692
S92000003,Scotland,nation,2021-07-17,11278
S92000003,Scotland,nation,2021-07-16,14574
S92000003,Scotland,nation,2021-07-15,13072
S92000003,Scotland,nation,2021-07-14,12226
S92000003,Scotland,nation,2021-07-13,11347
S92000003,Scotland,nation,2021-07-12,10286
S92000003,Scotland,nation,2021-07-11,15945
S92000003,Scotland,nation,2021-07-10,16216
S92000003,Scotland,nation,2021-07-09,17172
S92000003,Scotland,nation,2021-07-08,18052
S92000003,Scotland,nation,2021-07-07,16984
S92000003,Scotland,nation,2021-07-06,17831
S92000003,Scotland,nation,2021-07-05,16935
S92000003,Scotland,nation,2021-07-04,11980
S92000003,Scotland,nation,2021-07-03,12783
S92000003,Scotland,nation,2021-07-02,12026
S92000003,Scotland,nation,2021-07-01,14622
S92000003,Scotland,nation,2021-06-30,10488
S92000003,Scotland,nation,2021-06-29,11042
S92000003,Scotland,nation,2021-06-28,9420
S92000003,Scotland,nation,2021-06-27,12418
S92000003,Scotland,nation,2021-06-26,12530
S92000003,Scotland,nation,2021-06-25,19430
S92000003,Scotland,nation,2021-06-24,15864
S92000003,Scotland,nation,2021-06-23,14083
S92000003,Scotland,nation,2021-06-22,14697
S92000003,Scotland,nation,2021-06-21,15783
S92000003,Scotland,nation,2021-06-20,15333
S92000003,Scotland,nation,2021-06-19,16329
S92000003,Scotland,nation,2021-06-18,19505
S92000003,Scotland,nation,2021-06-17,19737
S92000003,Scotland,nation,2021-06-16,22708
S92000003,Scotland,nation,2021-06-15,23177
S92000003,Scotland,nation,2021-06-14,23347
S92000003,Scotland,nation,2021-06-13,21009
S92000003,Scotland,nation,2021-06-12,23125
S92000003,Scotland,nation,2021-06-11,27454
S92000003,Scotland,nation,2021-06-10,30065
S92000003,Scotland,nation,2021-06-09,31486
S92000003,Scotland,nation,2021-06-08,31492
S92000003,Scotland,nation,2021-06-07,30944
S92000003,Scotland,nation,2021-06-06,23766
S92000003,Scotland,nation,2021-06-05,24946
S92000003,Scotland,nation,2021-06-04,31977
S92000003,Scotland,nation,2021-06-03,32952
S92000003,Scotland,nation,2021-06-02,31441
S92000003,Scotland,nation,2021-06-01,30946
S92000003,Scotland,nation,2021-05-31,30978
S92000003,Scotland,nation,2021-05-30,21525
S92000003,Scotland,nation,2021-05-29,24319
S92000003,Scotland,nation,2021-05-28,27403
S92000003,Scotland,nation,2021-05-27,28721
S92000003,Scotland,nation,2021-05-26,28476
S92000003,Scotland,nation,2021-05-25,32595
S92000003,Scotland,nation,2021-05-24,29035
S92000003,Scotland,nation,2021-05-23,23249
S92000003,Scotland,nation,2021-05-22,28974
S92000003,Scotland,nation,2021-05-21,30916
S92000003,Scotland,nation,2021-05-20,26968
S92000003,Scotland,nation,2021-05-19,37684
S92000003,Scotland,nation,2021-05-18,34919
S92000003,Scotland,nation,2021-05-17,30933
S92000003,Scotland,nation,2021-05-16,17505
S92000003,Scotland,nation,2021-05-15,21512
S92000003,Scotland,nation,2021-05-14,23754
S92000003,Scotland,nation,2021-05-13,24426
S92000003,Scotland,nation,2021-05-12,24450
S92000003,Scotland,nation,2021-05-11,20276
S92000003,Scotland,nation,2021-05-10,21317
S92000003,Scotland,nation,2021-05-09,17000
S92000003,Scotland,nation,2021-05-08,17498
S92000003,Scotland,nation,2021-05-07,26590
S92000003,Scotland,nation,2021-05-06,23912
S92000003,Scotland,nation,2021-05-05,26414
S92000003,Scotland,nation,2021-05-04,25832
S92000003,Scotland,nation,2021-05-03,21451
S92000003,Scotland,nation,2021-05-02,28935
S92000003,Scotland,nation,2021-05-01,33802
S92000003,Scotland,nation,2021-04-30,39001
S92000003,Scotland,nation,2021-04-29,40232
S92000003,Scotland,nation,2021-04-28,41682
S92000003,Scotland,nation,2021-04-27,40257
S92000003,Scotland,nation,2021-04-26,33986
S92000003,Scotland,nation,2021-04-25,26318
S92000003,Scotland,nation,2021-04-24,49206
S92000003,Scotland,nation,2021-04-23,43952
S92000003,Scotland,nation,2021-04-22,50997
S92000003,Scotland,nation,2021-04-21,50576
S92000003,Scotland,nation,2021-04-20,50388
S92000003,Scotland,nation,2021-04-19,40152
S92000003,Scotland,nation,2021-04-18,18695
S92000003,Scotland,nation,2021-04-17,22706
S92000003,Scotland,nation,2021-04-16,26953
S92000003,Scotland,nation,2021-04-15,26786
S92000003,Scotland,nation,2021-04-14,27553
S92000003,Scotland,nation,2021-04-13,29296
S92000003,Scotland,nation,2021-04-12,14952
S92000003,Scotland,nation,2021-04-11,21299
S92000003,Scotland,nation,2021-04-10,17176
S92000003,Scotland,nation,2021-04-09,26887
S92000003,Scotland,nation,2021-04-08,24436
S92000003,Scotland,nation,2021-04-07,21137
S92000003,Scotland,nation,2021-04-06,15459
S92000003,Scotland,nation,2021-04-05,7406
S92000003,Scotland,nation,2021-04-04,5317
S92000003,Scotland,nation,2021-04-03,16116
S92000003,Scotland,nation,2021-04-02,20401
S92000003,Scotland,nation,2021-04-01,15478
S92000003,Scotland,nation,2021-03-31,26958
S92000003,Scotland,nation,2021-03-30,23469
S92000003,Scotland,nation,2021-03-29,16666
S92000003,Scotland,nation,2021-03-28,14752
S92000003,Scotland,nation,2021-03-27,22503
S92000003,Scotland,nation,2021-03-26,14900
S92000003,Scotland,nation,2021-03-25,16578
S92000003,Scotland,nation,2021-03-24,13984
S92000003,Scotland,nation,2021-03-23,13581
S92000003,Scotland,nation,2021-03-22,10575
S92000003,Scotland,nation,2021-03-21,4908
S92000003,Scotland,nation,2021-03-20,8916
S92000003,Scotland,nation,2021-03-19,9837
S92000003,Scotland,nation,2021-03-18,9335
S92000003,Scotland,nation,2021-03-17,10221
S92000003,Scotland,nation,2021-03-16,10987
S92000003,Scotland,nation,2021-03-15,8947
S92000003,Scotland,nation,2021-03-14,1907
S92000003,Scotland,nation,2021-03-13,3788
S92000003,Scotland,nation,2021-03-12,6841
S92000003,Scotland,nation,2021-03-11,7976
S92000003,Scotland,nation,2021-03-10,8673
S92000003,Scotland,nation,2021-03-09,9074
S92000003,Scotland,nation,2021-03-08,4954
S92000003,Scotland,nation,2021-03-07,2802
S92000003,Scotland,nation,2021-03-06,1849
S92000003,Scotland,nation,2021-03-05,5884
S92000003,Scotland,nation,2021-03-04,8139
S92000003,Scotland,nation,2021-03-03,7508
S92000003,Scotland,nation,2021-03-02,8105
S92000003,Scotland,nation,2021-03-01,5580
S92000003,Scotland,nation,2021-02-28,2353
S92000003,Scotland,nation,2021-02-27,4334
S92000003,Scotland,nation,2021-02-26,6838
S92000003,Scotland,nation,2021-02-25,8679
S92000003,Scotland,nation,2021-02-24,6540
S92000003,Scotland,nation,2021-02-23,6918
S92000003,Scotland,nation,2021-02-22,5861
S92000003,Scotland,nation,2021-02-21,1863
S92000003,Scotland,nation,2021-02-20,2006
S92000003,Scotland,nation,2021-02-19,4458
S92000003,Scotland,nation,2021-02-18,4846
S92000003,Scotland,nation,2021-02-17,3760
S92000003,Scotland,nation,2021-02-16,3272
S92000003,Scotland,nation,2021-02-15,2636
S92000003,Scotland,nation,2021-02-14,220
S92000003,Scotland,nation,2021-02-13,272
S92000003,Scotland,nation,2021-02-12,443
S92000003,Scotland,nation,2021-02-11,371
S92000003,Scotland,nation,2021-02-10,329
S92000003,Scotland,nation,2021-02-09,609
S92000003,Scotland,nation,2021-02-08,1567
S92000003,Scotland,nation,2021-02-07,108
S92000003,Scotland,nation,2021-02-06,250
S92000003,Scotland,nation,2021-02-05,803
S92000003,Scotland,nation,2021-02-04,498
S92000003,Scotland,nation,2021-02-03,273
S92000003,Scotland,nation,2021-02-02,413
S92000003,Scotland,nation,2021-02-01,496
S92000003,Scotland,nation,2021-01-31,55
S92000003,Scotland,nation,2021-01-30,156
S92000003,Scotland,nation,2021-01-29,543
S92000003,Scotland,nation,2021-01-28,312
S92000003,Scotland,nation,2021-01-27,187
S92000003,Scotland,nation,2021-01-26,536
S92000003,Scotland,nation,2021-01-25,522
S92000003,Scotland,nation,2021-01-24,155
S92000003,Scotland,nation,2021-01-23,195
S92000003,Scotland,nation,2021-01-22,499
S92000003,Scotland,nation,2021-01-21,223
S92000003,Scotland,nation,2021-01-20,296
S92000003,Scotland,nation,2021-01-19,284
S92000003,Scotland,nation,2021-01-18,188
S92000003,Scotland,nation,2021-01-17,41
S92000003,Scotland,nation,2021-01-16,145
S92000003,Scotland,nation,2021-01-15,181
S92000003,Scotland,nation,2021-01-14,141
S92000003,Scotland,nation,2021-01-13,200
S92000003,Scotland,nation,2021-01-12,133
S92000003,Scotland,nation,2021-01-11,99
W92000004,Wales,nation,2021-10-05,568
W92000004,Wales,nation,2021-10-04,615
W92000004,Wales,nation,2021-10-03,864
W92000004,Wales,nation,2021-10-02,465
W92000004,Wales,nation,2021-10-01,651
W92000004,Wales,nation,2021-09-30,715
W92000004,Wales,nation,2021-09-29,628
W92000004,Wales,nation,2021-09-28,590
W92000004,Wales,nation,2021-09-27,850
W92000004,Wales,nation,2021-09-26,688
W92000004,Wales,nation,2021-09-25,601
W92000004,Wales,nation,2021-09-24,958
W92000004,Wales,nation,2021-09-23,559
W92000004,Wales,nation,2021-09-22,1044
W92000004,Wales,nation,2021-09-21,1144
W92000004,Wales,nation,2021-09-20,1549
W92000004,Wales,nation,2021-09-19,436
W92000004,Wales,nation,2021-09-18,1396
W92000004,Wales,nation,2021-09-17,1352
W92000004,Wales,nation,2021-09-16,1250
W92000004,Wales,nation,2021-09-15,1325
W92000004,Wales,nation,2021-09-14,6067
W92000004,Wales,nation,2021-09-13,1004
W92000004,Wales,nation,2021-09-12,829
W92000004,Wales,nation,2021-09-11,1624
W92000004,Wales,nation,2021-09-10,1979
W92000004,Wales,nation,2021-09-09,1540
W92000004,Wales,nation,2021-09-08,1342
W92000004,Wales,nation,2021-09-07,1734
W92000004,Wales,nation,2021-09-06,896
W92000004,Wales,nation,2021-09-05,1044
W92000004,Wales,nation,2021-09-04,1397
W92000004,Wales,nation,2021-09-03,2300
W92000004,Wales,nation,2021-09-02,3048
W92000004,Wales,nation,2021-09-01,1355
W92000004,Wales,nation,2021-08-31,1965
W92000004,Wales,nation,2021-08-30,114
W92000004,Wales,nation,2021-08-29,569
W92000004,Wales,nation,2021-08-28,1508
W92000004,Wales,nation,2021-08-27,3208
W92000004,Wales,nation,2021-08-26,3438
W92000004,Wales,nation,2021-08-25,2141
W92000004,Wales,nation,2021-08-24,2789
W92000004,Wales,nation,2021-08-23,1450
W92000004,Wales,nation,2021-08-22,2701
W92000004,Wales,nation,2021-08-21,2821
W92000004,Wales,nation,2021-08-20,2944
W92000004,Wales,nation,2021-08-19,3136
W92000004,Wales,nation,2021-08-18,3376
W92000004,Wales,nation,2021-08-17,3750
W92000004,Wales,nation,2021-08-16,2272
W92000004,Wales,nation,2021-08-15,3080
W92000004,Wales,nation,2021-08-14,4290
W92000004,Wales,nation,2021-08-13,4633
W92000004,Wales,nation,2021-08-12,4195
W92000004,Wales,nation,2021-08-11,4762
W92000004,Wales,nation,2021-08-10,4452
W92000004,Wales,nation,2021-08-09,3230
W92000004,Wales,nation,2021-08-08,4189
W92000004,Wales,nation,2021-08-07,6135
W92000004,Wales,nation,2021-08-06,5529
W92000004,Wales,nation,2021-08-05,7521
W92000004,Wales,nation,2021-08-04,8760
W92000004,Wales,nation,2021-08-03,9347
W92000004,Wales,nation,2021-08-02,7554
W92000004,Wales,nation,2021-08-01,4040
W92000004,Wales,nation,2021-07-31,7806
W92000004,Wales,nation,2021-07-30,6980
W92000004,Wales,nation,2021-07-29,10946
W92000004,Wales,nation,2021-07-28,12937
W92000004,Wales,nation,2021-07-27,10605
W92000004,Wales,nation,2021-07-26,10966
W92000004,Wales,nation,2021-07-25,8346
W92000004,Wales,nation,2021-07-24,8769
W92000004,Wales,nation,2021-07-23,11851
W92000004,Wales,nation,2021-07-22,13555
W92000004,Wales,nation,2021-07-21,13115
W92000004,Wales,nation,2021-07-20,12862
W92000004,Wales,nation,2021-07-19,8580
W92000004,Wales,nation,2021-07-18,6739
W92000004,Wales,nation,2021-07-17,12925
W92000004,Wales,nation,2021-07-16,13338
W92000004,Wales,nation,2021-07-15,15373
W92000004,Wales,nation,2021-07-14,15009
W92000004,Wales,nation,2021-07-13,15657
W92000004,Wales,nation,2021-07-12,13493
W92000004,Wales,nation,2021-07-11,7383
W92000004,Wales,nation,2021-07-10,14971
W92000004,Wales,nation,2021-07-09,11936
W92000004,Wales,nation,2021-07-08,15181
W92000004,Wales,nation,2021-07-07,18439
W92000004,Wales,nation,2021-07-06,18504
W92000004,Wales,nation,2021-07-05,15504
W92000004,Wales,nation,2021-07-04,6808
W92000004,Wales,nation,2021-07-03,11290
W92000004,Wales,nation,2021-07-02,16715
W92000004,Wales,nation,2021-07-01,18081
W92000004,Wales,nation,2021-06-30,17984
W92000004,Wales,nation,2021-06-29,16966
W92000004,Wales,nation,2021-06-28,15546
W92000004,Wales,nation,2021-06-27,8766
W92000004,Wales,nation,2021-06-26,10691
W92000004,Wales,nation,2021-06-25,16463
W92000004,Wales,nation,2021-06-24,19612
W92000004,Wales,nation,2021-06-23,18619
W92000004,Wales,nation,2021-06-22,18718
W92000004,Wales,nation,2021-06-21,16769
W92000004,Wales,nation,2021-06-20,8460
W92000004,Wales,nation,2021-06-19,18398
W92000004,Wales,nation,2021-06-18,16819
W92000004,Wales,nation,2021-06-17,19863
W92000004,Wales,nation,2021-06-16,21863
W92000004,Wales,nation,2021-06-15,21277
W92000004,Wales,nation,2021-06-14,26251
W92000004,Wales,nation,2021-06-13,6663
W92000004,Wales,nation,2021-06-12,19852
W92000004,Wales,nation,2021-06-11,21679
W92000004,Wales,nation,2021-06-10,22111
W92000004,Wales,nation,2021-06-09,22669
W92000004,Wales,nation,2021-06-08,21093
W92000004,Wales,nation,2021-06-07,21338
W92000004,Wales,nation,2021-06-06,12145
W92000004,Wales,nation,2021-06-05,28524
W92000004,Wales,nation,2021-06-04,27340
W92000004,Wales,nation,2021-06-03,23355
W92000004,Wales,nation,2021-06-02,19792
W92000004,Wales,nation,2021-06-01,19716
W92000004,Wales,nation,2021-05-31,4427
W92000004,Wales,nation,2021-05-30,2040
W92000004,Wales,nation,2021-05-29,9180
W92000004,Wales,nation,2021-05-28,21587
W92000004,Wales,nation,2021-05-27,22698
W92000004,Wales,nation,2021-05-26,20715
W92000004,Wales,nation,2021-05-25,18519
W92000004,Wales,nation,2021-05-24,15548
W92000004,Wales,nation,2021-05-23,2976
W92000004,Wales,nation,2021-05-22,16055
W92000004,Wales,nation,2021-05-21,14969
W92000004,Wales,nation,2021-05-20,17214
W92000004,Wales,nation,2021-05-19,13396
W92000004,Wales,nation,2021-05-18,11857
W92000004,Wales,nation,2021-05-17,9784
W92000004,Wales,nation,2021-05-16,1757
W92000004,Wales,nation,2021-05-15,9814
W92000004,Wales,nation,2021-05-14,14291
W92000004,Wales,nation,2021-05-13,13813
W92000004,Wales,nation,2021-05-12,14287
W92000004,Wales,nation,2021-05-11,9028
W92000004,Wales,nation,2021-05-10,8261
W92000004,Wales,nation,2021-05-09,4133
W92000004,Wales,nation,2021-05-08,10898
W92000004,Wales,nation,2021-05-07,16106
W92000004,Wales,nation,2021-05-06,16118
W92000004,Wales,nation,2021-05-05,15805
W92000004,Wales,nation,2021-05-04,10593
W92000004,Wales,nation,2021-05-03,1249
W92000004,Wales,nation,2021-05-02,1559
W92000004,Wales,nation,2021-05-01,4690
W92000004,Wales,nation,2021-04-30,16329
W92000004,Wales,nation,2021-04-29,16057
W92000004,Wales,nation,2021-04-28,17218
W92000004,Wales,nation,2021-04-27,14326
W92000004,Wales,nation,2021-04-26,11565
W92000004,Wales,nation,2021-04-25,2485
W92000004,Wales,nation,2021-04-24,16636
W92000004,Wales,nation,2021-04-23,16876
W92000004,Wales,nation,2021-04-22,17882
W92000004,Wales,nation,2021-04-21,13142
W92000004,Wales,nation,2021-04-20,11631
W92000004,Wales,nation,2021-04-19,8075
W92000004,Wales,nation,2021-04-18,1349
W92000004,Wales,nation,2021-04-17,12625
W92000004,Wales,nation,2021-04-16,14243
W92000004,Wales,nation,2021-04-15,14702
W92000004,Wales,nation,2021-04-14,10695
W92000004,Wales,nation,2021-04-13,11998
W92000004,Wales,nation,2021-04-12,8996
W92000004,Wales,nation,2021-04-11,3022
W92000004,Wales,nation,2021-04-10,15699
W92000004,Wales,nation,2021-04-09,11160
W92000004,Wales,nation,2021-04-08,13579
W92000004,Wales,nation,2021-04-07,9169
W92000004,Wales,nation,2021-04-06,6319
W92000004,Wales,nation,2021-04-05,1568
W92000004,Wales,nation,2021-04-04,1565
W92000004,Wales,nation,2021-04-03,2673
W92000004,Wales,nation,2021-04-02,3668
W92000004,Wales,nation,2021-04-01,10239
W92000004,Wales,nation,2021-03-31,11601
W92000004,Wales,nation,2021-03-30,13921
W92000004,Wales,nation,2021-03-29,7154
W92000004,Wales,nation,2021-03-28,4199
W92000004,Wales,nation,2021-03-27,11920
W92000004,Wales,nation,2021-03-26,11080
W92000004,Wales,nation,2021-03-25,10868
W92000004,Wales,nation,2021-03-24,11992
W92000004,Wales,nation,2021-03-23,13456
W92000004,Wales,nation,2021-03-22,7289
W92000004,Wales,nation,2021-03-21,7099
W92000004,Wales,nation,2021-03-20,9429
W92000004,Wales,nation,2021-03-19,10554
W92000004,Wales,nation,2021-03-18,14565
W92000004,Wales,nation,2021-03-17,15226
W92000004,Wales,nation,2021-03-16,16202
W92000004,Wales,nation,2021-03-15,8728
W92000004,Wales,nation,2021-03-14,6857
W92000004,Wales,nation,2021-03-13,7372
W92000004,Wales,nation,2021-03-12,12669
W92000004,Wales,nation,2021-03-11,15455
W92000004,Wales,nation,2021-03-10,15508
W92000004,Wales,nation,2021-03-09,14364
W92000004,Wales,nation,2021-03-08,8291
W92000004,Wales,nation,2021-03-07,7685
W92000004,Wales,nation,2021-03-06,7891
W92000004,Wales,nation,2021-03-05,13344
W92000004,Wales,nation,2021-03-04,15374
W92000004,Wales,nation,2021-03-03,14664
W92000004,Wales,nation,2021-03-02,13065
W92000004,Wales,nation,2021-03-01,7897
W92000004,Wales,nation,2021-02-28,7411
W92000004,Wales,nation,2021-02-27,7355
W92000004,Wales,nation,2021-02-26,8991
W92000004,Wales,nation,2021-02-25,10211
W92000004,Wales,nation,2021-02-24,10572
W92000004,Wales,nation,2021-02-23,9550
W92000004,Wales,nation,2021-02-22,6977
W92000004,Wales,nation,2021-02-21,4979
W92000004,Wales,nation,2021-02-20,5771
W92000004,Wales,nation,2021-02-19,6569
W92000004,Wales,nation,2021-02-18,6091
W92000004,Wales,nation,2021-02-17,6354
W92000004,Wales,nation,2021-02-16,5737
W92000004,Wales,nation,2021-02-15,1849
W92000004,Wales,nation,2021-02-14,829
W92000004,Wales,nation,2021-02-13,349
W92000004,Wales,nation,2021-02-12,214
W92000004,Wales,nation,2021-02-11,215
W92000004,Wales,nation,2021-02-10,108
W92000004,Wales,nation,2021-02-09,196
W92000004,Wales,nation,2021-02-08,699
W92000004,Wales,nation,2021-02-07,186
W92000004,Wales,nation,2021-02-06,135
W92000004,Wales,nation,2021-02-05,836
W92000004,Wales,nation,2021-02-04,419
W92000004,Wales,nation,2021-02-03,56
W92000004,Wales,nation,2021-02-02,94
W92000004,Wales,nation,2021-02-01,225
W92000004,Wales,nation,2021-01-31,55
W92000004,Wales,nation,2021-01-30,36
W92000004,Wales,nation,2021-01-29,33
W92000004,Wales,nation,2021-01-28,43
W92000004,Wales,nation,2021-01-27,35
W92000004,Wales,nation,2021-01-26,58
W92000004,Wales,nation,2021-01-25,38
W92000004,Wales,nation,2021-01-24,27
W92000004,Wales,nation,2021-01-23,47
W92000004,Wales,nation,2021-01-22,54
W92000004,Wales,nation,2021-01-21,19
W92000004,Wales,nation,2021-01-20,26
W92000004,Wales,nation,2021-01-19,105
W92000004,Wales,nation,2021-01-18,64
W92000004,Wales,nation,2021-01-17,72
W92000004,Wales,nation,2021-01-14,8
W92000004,Wales,nation,2021-01-13,13
W92000004,Wales,nation,2021-01-12,11
W92000004,Wales,nation,2021-01-11,18
