Time,Country Name,"Adult literacy rate, population 15+ years, both sexes (%) [SE.ADT.LITR.ZS]","Gross enrolment ratio for tertiary education, both sexes (%) [SE.TER.ENRR]","Gross enrolment ratio, primary to tertiary, both sexes (%) [SE.TOT.ENRR]","Literacy rate, population 25-64 years, both sexes (%) [UIS.LR.AG25T64]","Percentage of graduates from Science, Technology, Engineering and Mathematics programmes in tertiary education, both sexes (%) [UIS.FOSGP.5T8.F500600700]","Percentage of graduates from tertiary education graduating from Natural Sciences, Mathematics and Statistics programmes, both sexes (%) [SE.TER.GRAD.SC.ZS]","Percentage of graduates from tertiary education graduating from Information and Communication Technologies programmes, both sexes (%) [UIS.FOSGP.5T8.F600]","Percentage of graduates from tertiary education graduating from Business, Administration and Law programmes, both sexes (%) [UIS.FOSGP.5T8.F400]","Percentage of graduates from tertiary education graduating from Arts and Humanities programmes, both sexes (%) [SE.TER.GRAD.HU.ZS]","Percentage of graduates from tertiary education graduating from Agriculture, Forestry, Fisheries and Veterinary programmes, both sexes (%) [SE.TER.GRAD.AG.ZS]","UIS: Mean years of schooling (ISCED 1 or higher), population 25+ years, both sexes [UIS.EA.MEAN.1T6.AG25T99]","UIS: Percentage of population age 25+ whose highest level of education is Master's or equivalent (ISCED 7), both sexes [UIS.EA.7.AG25T99]","UIS: Percentage of population age 25+ with no schooling, both sexes [UIS.EA.NS.AG25T99]",Number of Billionaires
2015,Algeria,,36.78132,,,31.21939,11.14256,2.84877,20.52349,23.10169,1.64667,,,,0
2015,Angola,,8.40094,,,12.01046,2.70335,4.74076,28.48422,1.02267,0.61836,,,,0
2015,Argentina,99.17996,84.002,101.77252,99.28286,,,,,,,10.9999,,0.70464,0
2015,Austria,,80.71942,95.24667,,29.2717,5.57448,4.01727,21.61828,9.01365,1.61968,12.09431,10.03364,,0
2015,Belgium,,74.55976,118.03144,,17.38283,4.45673,1.13473,20.96059,10.97241,1.86874,12.01187,12.95542,,0
2015,Colombia,94.24505,53.28214,87.37739,94.94909,22.70119,1.35615,5.32158,45.32287,4.12928,1.66837,8.03163,3.15485,7.03872,0
2015,Cyprus,,60.10123,85.66935,,17.37816,3.0097,3.02229,35.34819,9.1802,0.74298,11.94706,9.60861,0.80878,0
2015,Czech Republic,,64.48163,93.75113,,23.17186,4.75749,3.92177,20.7126,7.68964,3.01573,12.67334,14.43263,0.14998,0
2015,Denmark,,82.12949,105.27787,,19.62433,4.61789,4.36126,20.42242,12.85672,2.03149,12.60896,10.12694,,0
2015,Finland,,87.67987,115.36164,,28.48546,4.87427,6.65857,18.00665,12.87899,2.25237,12.714,10.19804,,0
2015,Georgia,,46.48113,83.63261,,,,,,,,,,,0
2015,Greece,,,,,,,,,,,10.75061,1.66348,2.03885,0
2015,Hungary,,48.96214,88.31678,,22.06761,4.15565,2.36548,24.89596,9.49697,2.57429,11.91417,8.14499,,0
2015,Iceland,,75.76606,100.34231,,,,,,,,,,,0
2015,Ireland,,77.23215,106.75962,,24.86665,8.17646,6.47074,24.0019,13.2951,1.56605,,,,0
2015,Kazakhstan,,46.37351,92.93345,,,,,,,,,,,0
2015,Kuwait,95.68545,55.14833,88.11029,95.87583,,,,,,,7.2858,,4.9282,0
2015,Lebanon,,,,,,,,,,,,,,0
2015,Liechtenstein,,33.54204,86.91174,,,,,,,,,,,0
2015,Monaco,,,,,,,,,,,,,,0
2015,Morocco,,28.40355,,,17.12025,11.58423,1.97435,21.79168,14.25115,0.47241,,,,0
2015,Nepal,,14.96646,74.61374,,,,,,,,,,,0
2015,Netherlands,,80.56992,106.81666,,,,,,,,12.22524,10.02962,0.69403,0
2015,New Zealand,,80.56338,103.291,,20.34435,6.17737,6.53707,23.96811,11.21449,1.81658,13.25417,3.37029,,0
2015,Nigeria,,,,,,,,,,,,,,0
2015,Norway,,77.95894,98.90283,,21.00514,4.96349,3.132,15.7969,8.56218,0.84626,12.77121,8.81552,0.32242,0
2015,Oman,93.03861,39.23264,82.63874,93.51343,42.53695,4.46117,13.00726,32.50202,9.52432,0.26337,9.55618,1.51528,,0
2015,Peru,94.16234,,,94.68312,,,,,,,9.08603,1.64072,5.41007,0
2015,Poland,,66.94615,,,22.26564,4.12755,3.04718,23.65297,7.40736,1.51507,,,,0
2015,Portugal,,61.75633,98.2909,,27.90508,6.23487,1.15307,18.66046,9.01855,1.88344,9.11153,13.45453,,0
2015,Qatar,,14.70129,60.39707,,,,,,,,,,,0
2015,Romania,,46.72669,80.88931,,28.34849,5.81969,5.35069,29.68654,9.17754,4.0988,10.90831,14.45557,1.36007,0
2015,South Africa,94.36792,,,95.0761,19.58884,7.75419,3.177,32.67726,5.21316,2.05866,10.27425,1.15683,5.88016,0
2015,Tanzania,77.88723,4.01016,52.74515,77.4798,,,,,,,,,,0
2015,Ukraine,,,,,26.73137,2.54184,2.63424,32.01685,7.93031,2.88164,,,,0
2015,Vietnam,,29.07346,,,23.41543,0.70378,1.34437,28.01057,3.98119,6.15366,,,,0
2015,Zimbabwe,,10.00655,,,30.22403,3.47617,8.43783,26.91926,7.1929,3.33484,,,,0
2015,Philippines,98.18255,,,98.20289,,,,,,,,,,11
2015,Chile,96.87413,85.26672,96.06294,97.80103,20.10326,1.17461,3.26374,22.51942,3.55038,1.96509,10.25012,1.15671,2.72484,12
2015,Malaysia,,45.59271,78.83182,,,,,,,,,,,12
2015,Mexico,94.47228,31.81904,82.77963,95.37065,27.89731,2.98323,1.67857,34.15249,4.1505,2.00908,8.61576,1.85549,7.68402,16
2015,Israel,,65.48689,95.03067,,,,,,,,13.04374,11.30019,2.33002,17
2015,Thailand,92.86831,,,94.80962,26.76973,4.40643,4.41343,20.35852,7.28436,3.06344,,,,17
2015,Singapore,96.82549,,,98.76398,,,,,,,11.62752,,0.0109,19
2015,Spain,98.14326,85.61178,106.94262,99.16038,25.37436,5.06844,3.95448,19.21795,8.8362,1.14497,9.97406,,2.03243,21
2015,Indonesia,95.21793,33.25072,78.7784,96.47624,17.30061,2.57605,8.90556,15.45949,5.08381,3.24054,7.91868,0.48434,7.32878,22
2015,Sweden,,62.28248,107.95219,,25.99305,4.33388,3.52487,17.89147,6.17555,0.87419,12.42627,9.47913,,23
2015,Japan,,,,,,,,,,,,,,24
2015,Australia,,118.61086,133.05758,,17.63769,6.13141,3.77443,34.19961,10.68602,0.80441,12.27517,5.5006,,27
2015,Switzerland,,57.70735,89.06127,,24.38325,6.63626,2.37532,28.33206,8.17958,1.39131,14.00355,16.04452,0.30746,29
2015,Turkey,95.60142,,100.73674,97.16544,,,,,,,7.965,1.28893,5.07249,32
2015,Canada,,64.78696,92.25699,,20.02749,6.52591,2.69654,24.55628,10.54084,1.75344,,,,39
2015,Italy,,60.93946,89.79026,,23.34581,7.49756,3.10718,16.5361,15.92313,2.09262,10.18911,,4.73054,39
2015,France,,62.78593,91.86989,,25.26713,7.36782,3.05983,33.83258,9.23587,1.62538,11.39887,7.97786,,47
2015,United Kingdom,,56.45849,96.70224,,26.1469,13.37985,3.61229,21.96337,15.49229,0.99462,,,,53
2015,Brazil,92.0479,,,93.25337,15.348,2.63291,3.18844,37.42811,3.12907,2.39583,7.59973,,11.07827,54
2015,India,,26.76899,71.06187,,31.08045,13.14785,6.94734,17.29216,5.64187,0.58353,,,,100
2015,Germany,,67.74687,95.21169,,36.74026,9.85345,4.54434,22.8058,12.16519,1.90255,14.08202,9.72204,,103
2015,China,,46.04043,76.37768,,,,,,,,,,,213
2015,United States,,88.88941,97.45783,,17.36795,7.00498,3.63985,19.51412,19.79211,0.87769,13.32078,10.29353,0.38169,536
2015,World,85.54232,36.81166,74.12806,85.60078,,,,,,,,,,#N/A
2016,Algeria,,42.62885,,,31.06931,11.84467,2.52256,21.39954,23.11815,1.35872,,,,0
2016,Angola,,9.33626,,,,,,,,,,,,0
2016,Argentina,99.12501,87.21345,103.08692,99.29682,,,,,,,10.99897,,0.97811,0
2016,Austria,,83.45495,96.58983,,30.29507,5.75421,4.05058,21.73034,7.49161,1.64679,12.09449,10.19688,,0
2016,Belgium,,75.89064,117.60128,,17.05458,3.92056,1.55026,21.1363,10.02929,1.95483,12.10322,13.03798,,0
2016,Colombia,94.65385,55.48425,88.32622,95.44443,23.63948,1.41747,5.49304,45.92731,3.89201,1.5491,8.20492,3.31468,6.861,0
2016,Cyprus,,67.17111,87.93017,,15.89074,3.57482,2.36342,35.67696,8.5867,0.48694,12.17123,9.90752,0.64638,0
2016,Czech Republic,99.83303,63.74813,93.67618,99.80476,23.45064,5.00684,3.9271,19.66348,7.81114,3.1068,12.73709,15.1566,0.16077,0
2016,Denmark,,81.05675,104.46369,,20.46313,5.60206,4.5316,24.86223,13.17036,1.24399,12.79885,10.27283,,0
2016,Finland,,86.97852,115.73394,,29.53127,4.77295,7.05954,18.26776,12.31763,2.22773,,,,0
2016,Georgia,,51.83005,85.58927,,21.70314,9.25543,5.01959,33.51239,12.83079,0.54159,12.81457,27.73775,0.47162,0
2016,Greece,,131.54086,113.76818,,28.16142,8.43427,3.16178,21.22581,12.94885,2.33809,10.26313,1.90581,2.83564,0
2016,Hungary,,48.03886,87.77082,,22.81163,4.2123,4.32242,23.40625,9.70195,3.16106,11.96329,7.94217,,0
2016,Iceland,,73.60044,99.29924,,,,,,,,,,,0
2016,Ireland,,77.55714,107.10785,,25.23179,7.97558,6.97806,24.97476,13.77559,1.61715,,,,0
2016,Kazakhstan,,46.61612,94.58708,,26.41198,2.74484,5.14035,26.85152,3.95538,3.48255,,,,0
2016,Kuwait,,57.28532,,,,,,,,,,,,0
2016,Lebanon,,,,,,,,,,,,,,0
2016,Liechtenstein,,35.02262,87.29058,,,,,,,,,,,0
2016,Monaco,,,,,,,,81.51261,4.48179,,,,,0
2016,Morocco,,31.98658,,,18.44541,8.74701,5.04249,20.15279,14.44438,0.46988,,,,0
2016,Nepal,,11.62351,73.9412,,,,,,,,,,,0
2016,Netherlands,,80.36484,106.75581,,,,,,,,12.27665,10.26459,0.69719,0
2016,New Zealand,,81.77039,99.63175,,19.88539,5.65918,6.80707,24.12426,10.41203,1.82149,13.12645,3.78217,,0
2016,Nigeria,,,,,,,,,,,,,,0
2016,Norway,,80.54654,100.25442,,20.49174,4.62967,3.21975,16.11508,8.25954,0.76311,12.81906,9.09212,0.31273,0
2016,Oman,94.89999,44.05449,87.03404,95.70887,44.80853,3.76031,13.96192,31.80503,7.38246,0.46194,,,,0
2016,Peru,94.17367,71.13299,92.97587,94.70299,23.46783,1.64791,5.86843,33.37671,2.69727,2.60702,,,,0
2016,Poland,,67.00455,,,22.85764,4.11718,3.11992,24.29374,7.17414,1.47896,13.18436,18.82996,0.14455,0
2016,Portugal,,63.25565,97.69706,,29.02334,6.58129,1.17259,19.07889,9.40673,1.93744,9.24068,13.80043,,0
2016,Qatar,93.1453,15.64276,63.08541,93.04351,29.7037,5.01235,5.77778,28.66667,13.80247,,9.66884,1.00685,1.53212,0
2016,Romania,,48.24061,80.18265,,28.77131,5.70664,4.92002,28.38703,9.76944,4.01928,11.00392,14.60701,1.30037,0
2016,South Africa,,20.91845,82.31311,,18.48507,7.13905,3.06968,33.17416,4.87495,2.07592,,,,0
2016,Tanzania,,,,,,,,,,,,,,0
2016,Ukraine,,,,,26.65357,2.50497,2.97424,30.04408,8.31879,3.28365,,,,0
2016,Vietnam,,28.54497,,,22.67548,0.68286,2.05697,29.22722,3.95296,4.51695,,,,0
2016,Zimbabwe,,,,,,,,,,,,,,0
2016,Philippines,,,,,,,,,,,,,,11
2016,Chile,,87.18814,96.80691,,19.90403,1.19866,3.17566,24.47325,3.20551,1.87554,,,,12
2016,Malaysia,94.88058,46.7621,79.35726,96.32962,,,,,,,10.37465,1.33106,6.05713,12
2016,Mexico,94.85962,38.43338,85.13853,95.91486,25.48286,2.66358,1.50573,35.15446,3.63919,1.77607,8.61157,1.3181,7.36619,16
2016,Israel,,64.9002,94.40283,,,,,,,,,,,17
2016,Thailand,,49.28681,90.87288,,27.85502,4.3151,4.50031,20.50177,7.33193,3.00475,7.9391,2.12979,,17
2016,Singapore,97.04956,83.94098,113.72348,98.9241,34.50148,5.59697,8.39863,33.78445,6.92815,0.1662,11.64641,,,19
2016,Spain,98.25051,86.51608,106.78925,99.20783,23.8804,5.1607,3.8752,18.60229,9.12778,1.18771,10.11584,11.85019,1.90819,21
2016,Indonesia,95.37697,35.43736,78.63135,96.69641,18.62334,2.74079,9.56926,15.36909,5.07115,3.46546,7.98039,0.50706,4.80745,22
2016,Sweden,,63.54802,110.58984,,26.59002,4.55756,3.73054,17.10365,6.02468,0.77837,12.48744,9.69245,,23
2016,Japan,,,,,,,,,,,,,,24
2016,Australia,,120.96571,131.17207,,,,,,,,12.38612,5.47811,,27
2016,Switzerland,,58.04695,89.68307,,24.53046,6.58444,2.34799,28.56914,7.58696,1.56723,13.95618,15.95821,0.33131,29
2016,Brazil,92.80844,,,93.92007,16.85954,2.67247,3.17797,35.56414,3.1703,2.57929,7.73256,0.56056,7.75989,31
2016,Turkey,96.16733,,102.55886,97.37991,,,,,,,8.10682,1.40919,5.09634,32
2016,Canada,,66.43918,93.07418,,21.30081,6.46914,2.9079,25.4621,10.26794,1.88167,13.32034,6.15254,,39
2016,Italy,,60.93733,89.32879,,23.2763,7.41997,1.01237,19.32687,16.0198,2.32386,,,,39
2016,France,,64.72768,92.56415,,25.56112,7.63375,3.03179,33.25427,9.35636,1.47455,11.41769,8.27766,,47
2016,India,,26.82922,73.29363,,31.72857,13.47034,6.52146,17.77756,5.58515,0.73539,,,,84
2016,Germany,,69.58059,95.79725,,36.04018,9.45984,4.54951,23.35639,11.7124,1.84208,14.13215,10.16104,,120
2016,United Kingdom,,58.42562,,,26.31962,13.56267,3.61913,22.04309,15.36385,0.97725,,,,120
2016,China,,48.01902,77.45604,,,,,,,,,,,251
2016,United States,,88.83505,98.18705,,17.92021,7.2092,3.78213,19.30434,19.65351,0.88625,13.41344,10.76029,0.35501,536
2016,World,85.98551,37.40114,74.95155,85.90696,,,,,,,,,,#N/A
2017,Hungary,,48.50038,88.96186,,23.26293,4.43518,4.30683,24.42124,8.78322,3.8996,,,,0
2017,Qatar,93.46397,16.62733,62.60323,93.51871,22.93063,3.26028,5.63304,29.68665,13.14979,,9.73144,1.02237,1.25182,0
2017,Zimbabwe,,,,,,,,,,,8.4668,0.58476,0.27211,0
2017,Algeria,,47.64683,,,,,,,,,,,,1
2017,Angola,,,,,,,,,,,,,,1
2017,Georgia,99.36426,56.81128,88.35228,99.49239,21.87618,10.33788,3.59706,33.43547,12.39454,0.89822,12.87436,26.63504,0.69328,1
2017,Iceland,,71.84501,99.1797,,,,,,,,,,,1
2017,Liechtenstein,,35.62193,87.27798,,,,,,,,,,,1
2017,Nepal,,11.59123,74.13213,,,,,,,,,,,1
2017,Romania,,49.38187,80.14782,,,,,,,,11.0708,14.68339,1.2074,1
2017,Tanzania,,,51.60295,,,,,,,,,,,1
2017,Belgium,,79.66173,118.17177,,16.70148,3.64805,1.85208,21.33339,9.71434,2.12393,12.36665,14.26885,,2
2017,New Zealand,,82.03322,104.03514,,21.17613,6.32753,6.70257,23.5595,10.91499,2.03733,,,,2
2017,Vietnam,,,,,,,,,,,,,,2
2017,Colombia,,56.43403,88.39421,,23.66475,1.42095,4.99387,46.15554,3.65251,1.56521,,,,3
2017,Greece,,136.60257,116.46615,,29.40377,9.59875,2.89004,20.25053,12.16333,2.45755,,,,3
2017,Morocco,,33.78468,79.53265,,19.04937,9.67637,3.52048,20.86143,14.25252,0.3319,,,,3
2017,Nigeria,,,,,,,,,,,,,,3
2017,Oman,95.576,38.12801,83.55577,95.82353,46.27012,4.36279,15.01372,33.00561,9.35644,0.25808,,,,3
2017,Kuwait,96.03595,55.3605,,96.26898,,,,,,,7.19071,0.38779,4.15271,4
2017,Lebanon,,,,,,,,,,,,,,4
2017,Monaco,,,,,,,,89.85507,2.89855,,,,,4
2017,Poland,,67.82744,96.01974,,22.94082,3.60484,3.52964,24.33187,6.90966,1.7106,,,,4
2017,Portugal,,63.93581,98.51731,,29.09365,6.26736,1.91993,19.36158,9.9865,2.2211,9.34347,13.65662,,4
2017,Kazakhstan,,50.14618,97.28211,,23.1779,2.01349,1.98953,21.51703,4.02978,3.43276,,,,5
2017,Peru,94.14961,70.73786,93.83955,94.66498,29.64282,1.60031,5.79122,30.96197,2.97585,2.48402,,,,5
2017,Cyprus,,75.94081,91.63994,,14.97206,2.53654,2.71926,35.86629,7.54514,0.93508,,,,6
2017,Czech Republic,,64.07869,93.82043,,23.86177,4.8823,4.54947,18.67074,7.69301,3.00467,12.82321,15.68054,0.05418,6
2017,Denmark,,80.61602,104.0319,,20.97698,5.26392,4.75775,24.72118,12.2728,1.19761,,,,6
2017,Ukraine,,,,,24.21928,2.99048,2.65642,14.41913,8.17018,4.01766,,,,6
2017,Argentina,,89.95852,103.66227,,,,,,,,,,,7
2017,Finland,,88.19783,116.81186,,27.25346,4.78837,6.30255,18.88984,11.18712,2.25346,12.82413,10.76269,,7
2017,Austria,,85.05714,97.15336,,,,,,,,12.1759,10.45818,,8
2017,Ireland,,77.78062,106.17832,,,,,,,,11.51636,9.68337,2.08307,8
2017,South Africa,87.04667,22.36603,81.53611,87.68057,18.57234,7.2819,3.19986,32.24278,5.11685,2.00298,10.15481,1.14926,4.90922,8
2017,Netherlands,,84.98045,109.64958,,16.61629,6.04679,2.50604,27.47325,8.74833,1.29965,,,,10
2017,Chile,96.40228,88.46442,97.42773,97.23826,20.46534,1.28296,2.91565,24.04093,3.33256,1.74682,10.58295,1.5091,2.58394,12
2017,Malaysia,95.08265,43.71518,78.65896,96.67731,,,,,,,,,,12
2017,Norway,,81.99235,100.8836,,22.10417,4.82999,3.69031,18.57775,7.6613,0.80625,12.94716,9.36098,0.3004,14
2017,Philippines,,35.47546,82.35354,,28.73975,1.48056,11.9587,28.77179,2.05318,3.28326,8.45226,0.34392,1.98782,14
2017,Mexico,94.97278,40.22896,86.21701,96.09583,25.23914,2.41221,5.38095,33.1957,3.42896,1.92597,8.75461,1.36454,7.10929,15
2017,Israel,,63.35469,94.53624,,,,,,,,,,,18
2017,Indonesia,,36.44444,79.55925,,18.55179,3.1999,8.18739,16.89714,5.03546,3.81488,,,,20
2017,Thailand,,,,,,,,,,,,,,20
2017,Singapore,97.20222,84.79291,114.6285,98.99473,34.92926,5.59622,8.26341,31.18569,7.99853,0.20976,11.39785,,,21
2017,Spain,,88.85301,106.86847,,23.45458,5.28325,3.97344,18.89267,9.06749,1.26852,,,,25
2017,Turkey,96.15053,,104.00063,97.61955,,,,,,,8.27803,1.82028,4.76798,29
2017,Sweden,,66.98824,116.27667,,27.50337,4.42655,4.27827,16.17853,5.9855,0.90735,12.54847,9.85546,,31
2017,Australia,,113.14216,126.40767,,18.42957,6.02778,4.12564,33.37514,10.71823,0.80968,12.36087,5.97009,0.26224,33
2017,Japan,,,,,,,,,,,,,,33
2017,Switzerland,,59.56299,90.43726,,24.8523,6.63728,2.47475,28.3891,7.48399,1.37548,,,,36
2017,France,,65.80223,93.08696,,,,,,,,11.4795,8.63749,,38
2017,Canada,,68.92251,94.45598,,,,,,,,,,,39
2017,Italy,,61.933,90.1742,,,,,,,,,,,42
2017,Brazil,93.07582,,,94.12154,17.7336,2.8313,2.93851,33.48803,3.23888,2.57461,7.8533,0.58922,7.15226,43
2017,United Kingdom,,59.99557,98.16678,,,,,,,,13.24287,8.3854,,54
2017,India,,27.44213,72.08312,,32.63761,15.38018,5.1245,18.96584,6.03343,0.78794,,,,101
2017,Germany,,70.24665,96.22452,,35.55347,9.23827,4.69662,22.56103,11.30309,1.84906,,,,114
2017,China,,49.07326,78.79346,,,,,,,,,,,319
2017,United States,,88.16739,98.3794,,,,,,,,,,,565
2017,World,86.22016,37.856,75.01822,86.0665,,,,,,,,,,#N/A
2018,Qatar,,17.86992,63.96797,,22.54967,4.10596,4.65232,27.91391,17.83113,,,,,0
2018,Algeria,81.40784,51.36567,,82.92505,34.23498,9.56984,2.62534,19.73374,20.77359,1.33461,,,,1
2018,Angola,,,,,,,,,,,,,,1
2018,Georgia,,60.33445,90.0915,,21.23758,9.70936,3.1877,36.64354,10.94693,1.02006,,,,1
2018,Hungary,,50.30653,89.26288,,22.51725,3.88758,4.58673,25.41526,9.02595,3.95366,,,,1
2018,Iceland,,73.10325,100.28675,,18.59193,4.96696,5.0581,21.8273,9.86557,1.23035,,,,1
2018,Liechtenstein,,38.30027,86.59907,,19.6319,,,76.68712,,,,,,1
2018,Nepal,67.90843,12.41086,,60.71325,,,,,,,,,,1
2018,Romania,98.8445,51.01254,80.36117,98.97717,,,,,,,,,,1
2018,Tanzania,,,,,,,,,,,,,,1
2018,Zimbabwe,,,,,,,,,,,,,,1
2018,Belgium,,78.90117,116.94479,,16.98965,3.71729,2.10335,20.32467,9.30908,1.97307,,,,2
2018,New Zealand,,82.98303,104.66745,,21.3766,6.3335,6.5543,22.54896,11.38362,2.006,,,,2
2018,Colombia,95.09251,55.32749,88.43533,95.82487,23.12693,1.3816,4.82347,45.96824,3.65405,1.5606,8.46873,3.57341,6.27813,3
2018,Morocco,73.75001,35.93593,81.12078,71.43511,,,,,,,,,,3
2018,Nigeria,62.01601,,,57.44612,,,,,,,,,,3
2018,Oman,95.65153,38.03621,83.73201,95.95205,46.1452,3.82669,14.09814,34.37199,7.94651,0.261,,,,3
2018,Greece,97.93595,142.85203,118.66204,98.80436,28.26687,9.0838,3.09193,21.85402,11.2015,2.67237,,,,4
2018,Kuwait,96.05647,54.36414,,96.30855,,,,,,,7.21377,0.41771,4.11669,4
2018,Lebanon,95.06944,,,96.71744,,,,,,,,,,4
2018,Monaco,,,,,,,,84.16887,4.48549,,,,,4
2018,Poland,,68.6201,96.02574,,21.65399,3.29601,3.81092,23.46657,7.0182,1.78131,,,,4
2018,Portugal,96.13759,65.66266,99.45212,98.63643,,,,,,,9.26347,13.05306,,4
2018,Vietnam,95.00038,,,95.30122,,,,,,,,,,4
2018,Kazakhstan,99.78163,53.98825,99.15198,99.78774,24.84142,1.92974,2.00563,20.17491,4.20326,3.23525,12.20963,0.08917,0.05938,5
2018,Peru,94.40827,,,94.95325,,,,,,,9.69633,11.89085,4.90062,5
2018,Cyprus,,81.33708,93.64703,,15.1492,2.52487,2.56859,38.96601,6.97344,0.81976,12.38234,11.45305,0.64053,6
2018,Czech Republic,,63.76877,91.95545,,26.11807,5.71837,4.93448,19.8771,8.70821,3.44416,,,,6
2018,Denmark,,81.18335,104.14626,,22.20288,5.43917,4.75636,25.64879,11.54398,1.24303,12.87102,11.56841,,6
2018,Ukraine,,,,,25.28449,3.8095,4.65778,28.37927,7.36557,3.92118,,,,6
2018,Argentina,99.00387,,,99.22725,,,,,,,11.16078,,0.77269,7
2018,Finland,,90.26176,117.94248,,28.12024,4.61027,7.03482,18.84951,10.47868,2.11304,,,,7
2018,Austria,,86.68835,97.48242,,31.03226,6.07867,4.38647,24.34495,8.08207,1.59627,,,,8
2018,Ireland,,77.28288,111.63043,,,,,,,,,,,8
2018,South Africa,,23.80196,80.04815,,18.28119,7.25174,3.0337,31.40762,5.09079,2.01286,,,,8
2018,Netherlands,,87.09785,110.23596,,17.45106,6.37706,2.82506,27.23222,8.67508,1.29409,12.4148,10.91389,0.71824,10
2018,Chile,,90.89631,98.6827,,20.94617,1.18294,3.00433,24.61965,3.07696,1.67433,,,,12
2018,Malaysia,94.85441,45.12539,,96.60216,40.7733,3.54733,7.13471,24.1712,6.14755,2.18527,,,,12
2018,Norway,,83.01726,101.29261,,,,,,,,,,,14
2018,Philippines,,,,,,,,,,,,,,14
2018,Mexico,95.37991,41.5228,86.62079,96.47841,,,,,,,8.94582,1.42808,6.59911,15
2018,Israel,,61.47687,94.13985,,,,,,,,,,,18
2018,Indonesia,95.65856,36.31104,80.16432,96.76345,19.4187,3.29048,8.25906,18.31499,5.2393,4.1009,8.16668,0.56414,5.45385,20
2018,Thailand,93.76776,,,92.88431,,,,,,,8.45102,1.94004,4.61786,20
2018,Singapore,97.34486,88.88645,115.70405,99.056,33.47918,5.311,8.57863,34.9863,7.47812,0.21657,11.62461,,,21
2018,Spain,98.4365,91.11257,107.38571,99.30851,22.26665,5.19562,3.92247,19.32502,8.91273,1.07083,10.25178,12.2641,1.71335,25
2018,Turkey,,113.21707,104.78033,,19.44189,2.4497,1.66659,30.80608,11.0736,2.28277,,,,29
2018,Sweden,,72.46117,119.79754,,26.6392,4.10575,4.26951,16.40453,5.61916,0.81745,,,,31
2018,Australia,,107.80805,117.58541,,17.39795,4.99704,4.55892,35.90826,12.08279,0.72095,12.50712,6.46398,0.32471,33
2018,Japan,,,,,,,,,,,,,,33
2018,Switzerland,,61.37745,91.25347,,25.21237,6.93209,2.54616,28.30397,7.35347,1.47762,,16.84139,0.32221,36
2018,France,,67.62466,93.81115,,25.39433,7.96157,3.49577,34.25532,8.61311,1.5649,,,,38
2018,Canada,,70.11302,95.32724,,22.37562,6.1788,3.28625,27.22541,9.45127,1.86615,,,,39
2018,Italy,99.15576,64.29162,90.7674,99.57273,24.19916,7.56075,1.27455,17.65034,16.82298,2.52359,,,,42
2018,Brazil,93.2275,,,94.401,18.36665,1.97273,3.34955,32.48316,3.13763,2.80132,7.9813,0.70033,6.91233,43
2018,United Kingdom,,61.38289,96.84047,,,,,,,,,,,54
2018,Germany,,70.34264,95.79343,,35.30881,9.04953,4.86212,22.68263,11.3855,1.83091,14.07738,9.91727,,114
2018,India,74.37299,28.06055,,71.57669,32.64561,16.064,4.91506,19.01224,6.01808,0.8168,,,,131
2018,China,96.84089,50.60444,80.27382,98.43371,,,,,,,,,,476
2018,United States,,88.29918,98.33412,,,,,,,,13.75368,11.01773,0.34041,585
2018,World,86.24694,38.35546,74.63228,86.26067,,,,,,,,,,#N/A
2019,Qatar,,18.949,67.26555,,24.23355,4.61591,3.41027,30.24457,14.70892,,,,,0
2019,Algeria,,,,,,,,,,,,,,1
2019,Angola,,,,,,,,,,,,,,1
2019,Georgia,,63.9155,92.63526,,24.55977,10.32714,4.63247,34.3336,9.54766,2.12036,,,,1
2019,Hungary,,,,,,,,,,,,,,1
2019,Iceland,,,,,,,,,,,,,,1
2019,Liechtenstein,,,,,,,,,,,,,,1
2019,Nepal,,13.32683,75.68546,,,,,,,,,,,1
2019,Romania,,,,,,,,,,,,,,1
2019,Tanzania,,3.0925,57.38098,,9.50237,1.30675,3.80654,22.18867,0.19946,6.98394,,,,1
2019,Zimbabwe,,,,,,,,,,,,,,1
2019,Belgium,,,,,,,,,,,,,,2
2019,New Zealand,,,,,,,,,,,,,,2
2019,Colombia,,,,,,,,,,,,,,3
2019,Morocco,,38.54533,82.77147,,18.95167,9.78596,3.8772,22.40478,14.51135,0.38799,,,,3
2019,Oman,,40.44564,85.94639,,44.49869,3.83028,12.35215,35.81408,8.50202,0.258,,,,3
2019,Greece,,,,,,,,,,,,,,4
2019,Kuwait,,55.30755,,,,,,,,,,,,4
2019,Lebanon,,,,,,,,,,,,,,4
2019,Monaco,,,,,,,,84.16887,4.48549,,,,,4
2019,Nigeria,,,,,,,,,,,,,,4
2019,Poland,,,,,,,,,,,,,,4
2019,Portugal,,,,,,,,,,,,,,4
2019,Vietnam,,28.63998,,,,,,,,,,,,4
2019,Kazakhstan,,61.74976,101.29696,,24.72934,1.89397,2.93401,19.8149,4.256,3.93359,,,,5
2019,Peru,,,,,,,,,,,,,,5
2019,Cyprus,,,,,,,,,,,,,,6
2019,Czech Republic,,,,,,,,,,,,,,6
2019,Denmark,,,,,,,,,,,,,,6
2019,Ukraine,,,,,25.05327,3.78914,5.50179,27.16419,7.35309,4.17252,,,,6
2019,Argentina,,,,,,,,,,,,,,7
2019,Finland,,,,,,,,,,,,,,7
2019,Austria,,,,,,,,,,,,,,8
2019,Ireland,,,,,,,,,,,,,,8
2019,South Africa,,,,,,,,,,,,,,8
2019,Netherlands,,,,,,,,,,,,,,10
2019,Chile,,,,,,,,,,,,,,12
2019,Malaysia,,43.06161,,,39.17365,3.71129,6.88713,26.06139,7.39837,1.59791,,,,12
2019,Norway,,,,,,,,,,,,,,14
2019,Philippines,,,,,,,,,,,,,,14
2019,Mexico,,,,,,,,,,,,,,15
2019,Israel,,,,,,,,,,,,,,18
2019,Indonesia,,,,,,,,,,,,,,20
2019,Thailand,,,,,,,,,,,,,,20
2019,Singapore,,,,,,,,,,,,,,21
2019,Spain,,,,,,,,,,,,,,25
2019,Turkey,,,,,,,,,,,,,,29
2019,Sweden,,,,,,,,,,,,,,31
2019,Australia,,,,,,,,,,,,,,33
2019,Japan,,,,,,,,,,,,,,33
2019,Switzerland,,,,,,,,,,,,,,36
2019,France,,,,,,,,,,,,,,38
2019,Canada,,,,,,,,,,,,,,39
2019,Italy,,,,,,,,,,,,,,42
2019,Brazil,,,,,,,,,,,,,,43
2019,United Kingdom,,,,,,,,,,,,,,54
2019,Germany,,,,,,,,,,,,,,114
2019,India,,28.5729,67.53893,,32.16665,16.02251,5.08718,19.22676,5.94824,0.99368,,,,131
2019,China,,53.76491,82.53325,,,,,,,,,,,476
2019,United States,,,,,,,,,,,,,,585
2019,World,86.4783,38.8477,74.99648,86.48799,,,,,,,,,,#N/A
2020,Algeria,,,,,,,,,,,,,,1
2020,Angola,,,,,,,,,,,,,,1
2020,Belgium,,,,,,,,,,,,,,1
2020,Georgia,,,,,,,,,,,,,,1
2020,Hungary,,,,,,,,,,,,,,1
2020,Iceland,,,,,,,,,,,,,,1
2020,Kuwait,,,,,,,,,,,,,,1
2020,Liechtenstein,,,,,,,,,,,,,,1
2020,Morocco,,,,,,,,,,,,,,1
2020,Nepal,,,,,,,,,,,,,,1
2020,Oman,,,,,,,,,,,,,,1
2020,Portugal,,,,,,,,,,,,,,1
2020,Qatar,,,,,,,,,,,,,,1
2020,Tanzania,,,,,,,,,,,,,,1
2020,Zimbabwe,,,,,,,,,,,,,,1
2020,New Zealand,,,,,,,,,,,,,,2
2020,Peru,,,,,,,,,,,,,,2
2020,Romania,,,,,,,,,,,,,,2
2020,Colombia,,,,,,,,,,,,,,3
2020,Cyprus,,,,,,,,,,,,,,3
2020,Greece,,,,,,,,,,,,,,3
2020,Monaco,,,,,,,,81.0219,6.56934,,,,,3
2020,Nigeria,,,,,,,,,,,,,,3
2020,Argentina,,,,,,,,,,,,,,4
2020,Kazakhstan,,,,,,,,,,,,,,4
2020,South Africa,,,,,,,,,,,,,,4
2020,Vietnam,,,,,,,,,,,,,,4
2020,Finland,,,,,,,,,,,,,,6
2020,Lebanon,,,,,,,,,,,,,,6
2020,Poland,,,,,,,,,,,,,,6
2020,Ukraine,,,,,,,,,,,,,,6
2020,Chile,,,,,,,,,,,,,,7
2020,Czech Republic,,,,,,,,,,,,,,8
2020,Denmark,,,,,,,,,,,,,,8
2020,Austria,,,,,,,,,,,,,,9
2020,Ireland,,,,,,,,,,,,,,9
2020,Netherlands,,,,,,,,,,,,,,11
2020,Malaysia,,,,,,,,,,,,,,12
2020,Mexico,,,,,,,,,,,,,,12
2020,Norway,,,,,,,,,,,,,,12
2020,Indonesia,,,,,,,,,,,,,,15
2020,Philippines,,,,,,,,,,,,,,15
2020,Israel,,,,,,,,,,,,,,17
2020,Thailand,,,,,,,,,,,,,,20
2020,Turkey,,,,,,,,,,,,,,23
2020,Spain,,,,,,,,,,,,,,24
2020,Japan,,,,,,,,,,,,,,26
2020,Singapore,,,,,,,,,,,,,,26
2020,Australia,,,,,,,,,,,,,,31
2020,Sweden,,,,,,,,,,,,,,31
2020,Switzerland,,,,,,,,,,,,,,35
2020,Italy,,,,,,,,,,,,,,36
2020,France,,,,,,,,,,,,,,39
2020,Canada,,,,,,,,,,,,,,44
2020,Brazil,,,,,,,,,,,,,,45
2020,United Kingdom,,,,,,,,,,,,,,45
2020,India,,,,,,,,,,,,,,102
2020,Germany,,,,,,,,,,,,,,107
2020,China,,,,,,,,,,,,,,389
2020,United States,,,,,,,,,,,,,,614
2020,World,,,,,,,,,,,,,,#N/A
Data from database: Education Statistics - All Indicators,,,,,,,,,,,,,,,
Last Updated: 12/20/2020,,,,,,,,,,,,,,,
